{
    "cat_cols": [
        "Student_Type"
    ],
    "num_cols": [
        "Sleep_Hours",
        "Study_Hours",
        "Social_Media_Hours",
        "Attendance",
        "Exam_Pressure",
        "Family_Support",
        "Month"
    ],
    "classes": [
        0,
        1
    ],
    "priors": {
        "0": 0.698655462184874,
        "1": 0.30134453781512605
    },
    "cat_likelihoods": {
        "0": {
            "Student_Type": {
                "college": 0.5638928972262306,
                "school": 0.2655924322590989,
                "working_student": 0.1705146705146705
            }
        },
        "1": {
            "Student_Type": {
                "college": 0.5923448532144184,
                "school": 0.16499442586399107,
                "working_student": 0.2426607209215905
            }
        }
    },
    "num_params": {
        "0": {
            "Sleep_Hours": [
                6.595077018963544,
                2.0446444120082132
            ],
            "Study_Hours": [
                4.395033925385508,
                4.275840238312979
            ],
            "Social_Media_Hours": [
                3.434255360366876,
                3.3340494028136085
            ],
            "Attendance": [
                81.48368192131461,
                135.95992796214645
            ],
            "Exam_Pressure": [
                4.587652446536054,
                4.104606962498732
            ],
            "Family_Support": [
                5.947251390005763,
                4.592291371876897
            ],
            "Month": [
                6.606699539955769,
                11.121092293992993
            ]
        },
        "1": {
            "Sleep_Hours": [
                6.155609582172016,
                2.219393858080486
            ],
            "Study_Hours": [
                5.397507898244116,
                5.220404883157537
            ],
            "Social_Media_Hours": [
                3.797158767915554,
                3.5004374235762263
            ],
            "Attendance": [
                80.67371431350631,
                139.20176776235581
            ],
            "Exam_Pressure": [
                7.1709433523331025,
                3.82474562621378
            ],
            "Family_Support": [
                5.426639310237333,
                4.9140606024963525
            ],
            "Month": [
                6.274268036769692,
                11.685787239689818
            ]
        }
    },
    "cat_unique_vals": {
        "Student_Type": [
            "college",
            "school",
            "working_student"
        ]
    }
}